{
  "bacterial_leaf_blight": {
    "precision": 0.9658536585365853,
    "recall": 0.99,
    "f1-score": 0.9777777777777777,
    "support": 200
  },
  "brown_spot": {
    "precision": 0.9949238578680203,
    "recall": 0.98,
    "f1-score": 0.9874055415617129,
    "support": 200
  },
  "healthy": {
    "precision": 1.0,
    "recall": 0.99,
    "f1-score": 0.9949748743718593,
    "support": 200
  },
  "leaf_blast": {
    "precision": 0.9797979797979798,
    "recall": 0.97,
    "f1-score": 0.9748743718592964,
    "support": 200
  },
  "leaf_scald": {
    "precision": 0.9899497487437185,
    "recall": 0.985,
    "f1-score": 0.9874686716791979,
    "support": 200
  },
  "leaf_smut": {
    "precision": 0.9803921568627451,
    "recall": 1.0,
    "f1-score": 0.99009900990099,
    "support": 200
  },
  "not_a_rice_leaf": {
    "precision": 1.0,
    "recall": 0.995,
    "f1-score": 0.9974937343358395,
    "support": 200
  },
  "rice_hispa": {
    "precision": 0.967032967032967,
    "recall": 1.0,
    "f1-score": 0.9832402234636871,
    "support": 88
  },
  "sheath_blight": {
    "precision": 0.9949238578680203,
    "recall": 0.98,
    "f1-score": 0.9874055415617129,
    "support": 200
  },
  "accuracy": 0.9869668246445498,
  "macro avg": {
    "precision": 0.9858749140788929,
    "recall": 0.9877777777777779,
    "f1-score": 0.9867488607235637,
    "support": 1688
  },
  "weighted avg": {
    "precision": 0.9871250906601392,
    "recall": 0.9869668246445498,
    "f1-score": 0.9869816613000484,
    "support": 1688
  }
}